Time Series Output File

x = 0.0 km,Node # = 1,Time (hrs),Stage (m),Discharge (cms),Ice Velocity (m/s),Water Temperature (°C),Frazil Concentration (%),Ice Concentration (%),Anchor Ice Thickness (m),Frazil Slush Thickness (m),Solid Ice Thickness (m),Border Ice Fraction,Border Ice Width (m),Air Temperature (°C),Maximum Border Ice Thickness (m),Water Depth (m),Water Velocity (m/s),Water Surface Width (m),,x = 17.0236 km,Node # = 65,Time (hrs),Stage (m),Discharge (cms),Ice Velocity (m/s),Water Temperature (°C),Frazil Concentration (%),Ice Concentration (%),Anchor Ice Thickness (m),Frazil Slush Thickness (m),Solid Ice Thickness (m),Border Ice Fraction,Border Ice Width (m),Air Temperature (°C),Maximum Border Ice Thickness (m),Water Depth (m),Water Velocity (m/s),Water Surface Width (m),,x = 30.3892 km,Node # = 112,Time (hrs),Stage (m),Discharge (cms),Ice Velocity (m/s),Water Temperature (°C),Frazil Concentration (%),Ice Concentration (%),Anchor Ice Thickness (m),Frazil Slush Thickness (m),Solid Ice Thickness (m),Border Ice Fraction,Border Ice Width (m),Air Temperature (°C),Maximum Border Ice Thickness (m),Water Depth (m),Water Velocity (m/s),Water Surface Width (m),,x = 56.0518 km,Node # = 209,Time (hrs),Stage (m),Discharge (cms),Ice Velocity (m/s),Water Temperature (°C),Frazil Concentration (%),Ice Concentration (%),Anchor Ice Thickness (m),Frazil Slush Thickness (m),Solid Ice Thickness (m),Border Ice Fraction,Border Ice Width (m),Air Temperature (°C),Maximum Border Ice Thickness (m),Water Depth (m),Water Velocity (m/s),Water Surface Width (m),,x = 75.1419 km,Node # = 282,Time (hrs),Stage (m),Discharge (cms),Ice Velocity (m/s),Water Temperature (°C),Frazil Concentration (%),Ice Concentration (%),Anchor Ice Thickness (m),Frazil Slush Thickness (m),Solid Ice Thickness (m),Border Ice Fraction,Border Ice Width (m),Air Temperature (°C),Maximum Border Ice Thickness (m),Water Depth (m),Water Velocity (m/s),Water Surface Width (m),,x = 100.79 km,Node # = 376,Time (hrs),Stage (m),Discharge (cms),Ice Velocity (m/s),Water Temperature (°C),Frazil Concentration (%),Ice Concentration (%),Anchor Ice Thickness (m),Frazil Slush Thickness (m),Solid Ice Thickness (m),Border Ice Fraction,Border Ice Width (m),Air Temperature (°C),Maximum Border Ice Thickness (m),Water Depth (m),Water Velocity (m/s),Water Surface Width (m),,x = 112.683 km,Node # = 422,Time (hrs),Stage (m),Discharge (cms),Ice Velocity (m/s),Water Temperature (°C),Frazil Concentration (%),Ice Concentration (%),Anchor Ice Thickness (m),Frazil Slush Thickness (m),Solid Ice Thickness (m),Border Ice Fraction,Border Ice Width (m),Air Temperature (°C),Maximum Border Ice Thickness (m),Water Depth (m),Water Velocity (m/s),Water Surface Width (m),,x = 127.5663 km,Node # = 476,Time (hrs),Stage (m),Discharge (cms),Ice Velocity (m/s),Water Temperature (°C),Frazil Concentration (%),Ice Concentration (%),Anchor Ice Thickness (m),Frazil Slush Thickness (m),Solid Ice Thickness (m),Border Ice Fraction,Border Ice Width (m),Air Temperature (°C),Maximum Border Ice Thickness (m),Water Depth (m),Water Velocity (m/s),Water Surface Width (m),,x = 135.576 km,Node # = 505,Time (hrs),Stage (m),Discharge (cms),Ice Velocity (m/s),Water Temperature (°C),Frazil Concentration (%),Ice Concentration (%),Anchor Ice Thickness (m),Frazil Slush Thickness (m),Solid Ice Thickness (m),Border Ice Fraction,Border Ice Width (m),Air Temperature (°C),Maximum Border Ice Thickness (m),Water Depth (m),Water Velocity (m/s),Water Surface Width (m),,x = 158.6137 km,Node # = 587,Time (hrs),Stage (m),Discharge (cms),Ice Velocity (m/s),Water Temperature (°C),Frazil Concentration (%),Ice Concentration (%),Anchor Ice Thickness (m),Frazil Slush Thickness (m),Solid Ice Thickness (m),Border Ice Fraction,Border Ice Width (m),Air Temperature (°C),Maximum Border Ice Thickness (m),Water Depth (m),Water Velocity (m/s),Water Surface Width (m),
,,0.0,445.997,335.555,0.0,0.0,0.0,0.0,0.0,0.0,0.0,0.0,0.0,0.0,0.0,1.723,2.006,97.383,,,,0.0,409.338,335.555,0.0,0.0,0.0,0.0,0.0,0.0,0.0,0.0,0.0,0.0,0.0,1.298,1.707,152.19,,,,0.0,382.908,335.555,0.0,0.0,0.0,0.0,0.0,0.0,0.0,0.0,0.0,0.0,0.0,1.394,1.606,155.996,,,,0.0,256.459,477.847,0.0,0.0,0.0,0.0,0.0,0.0,0.0,0.0,0.0,0.0,0.0,2.275,1.769,119.023,,,,0.0,210.82,477.847,0.0,0.0,0.0,0.0,0.0,0.0,0.0,0.0,0.0,0.0,0.0,2.048,1.924,121.33,,,,0.0,161.289,477.847,0.0,0.0,0.0,0.0,0.0,0.0,0.0,0.0,0.0,0.0,0.0,2.891,1.404,118.429,,,,0.0,142.841,477.847,0.0,0.0,0.0,0.0,0.0,0.0,0.0,0.0,0.0,0.0,0.0,1.701,1.432,197.118,,,,0.0,117.626,477.847,0.0,0.0,0.0,0.0,0.0,0.0,0.0,0.0,0.0,0.0,0.0,1.823,1.613,162.189,,,,0.0,105.198,477.847,0.0,0.0,0.0,0.0,0.0,0.0,0.0,0.0,0.0,0.0,0.0,2.551,1.439,130.014,,,,0.0,79.982,477.847,0.0,0.0,0.0,0.0,0.0,0.0,0.0,0.0,0.0,0.0,0.0,2.156,0.863,257.618
,,2.0,445.997,335.555,0.0,0.0,0.0,0.0,0.0,0.0,0.0,0.0,0.0,0.0,0.0,1.723,2.006,97.383,,,,2.0,409.338,335.555,0.0,0.0,0.0,0.0,0.0,0.0,0.0,0.0,0.0,0.0,0.0,1.298,1.707,152.19,,,,2.0,382.908,335.555,0.0,0.0,0.0,0.0,0.0,0.0,0.0,0.0,0.0,0.0,0.0,1.394,1.606,155.996,,,,2.0,256.459,477.847,0.0,0.0,0.0,0.0,0.0,0.0,0.0,0.0,0.0,0.0,0.0,2.275,1.769,119.023,,,,2.0,210.82,477.847,0.0,0.0,0.0,0.0,0.0,0.0,0.0,0.0,0.0,0.0,0.0,2.048,1.924,121.33,,,,2.0,161.289,477.847,0.0,0.0,0.0,0.0,0.0,0.0,0.0,0.0,0.0,0.0,0.0,2.891,1.404,118.429,,,,2.0,142.841,477.847,0.0,0.0,0.0,0.0,0.0,0.0,0.0,0.0,0.0,0.0,0.0,1.701,1.432,197.118,,,,2.0,117.626,477.847,0.0,0.0,0.0,0.0,0.0,0.0,0.0,0.0,0.0,0.0,0.0,1.823,1.613,162.189,,,,2.0,105.198,477.847,0.0,0.0,0.0,0.0,0.0,0.0,0.0,0.0,0.0,0.0,0.0,2.551,1.439,130.014,,,,2.0,79.982,477.847,0.0,0.0,0.0,0.0,0.0,0.0,0.0,0.0,0.0,0.0,0.0,2.156,0.863,257.618
,,4.0,445.997,335.555,0.0,0.0,0.0,0.0,0.0,0.0,0.0,0.0,0.0,0.0,0.0,1.723,2.006,97.383,,,,4.0,409.338,335.555,0.0,0.0,0.0,0.0,0.0,0.0,0.0,0.0,0.0,0.0,0.0,1.298,1.707,152.19,,,,4.0,382.908,335.555,0.0,0.0,0.0,0.0,0.0,0.0,0.0,0.0,0.0,0.0,0.0,1.394,1.606,155.996,,,,4.0,256.459,477.813,0.0,0.0,0.0,0.0,0.0,0.0,0.0,0.0,0.0,0.0,0.0,2.275,1.769,119.022,,,,4.0,210.82,477.839,0.0,0.0,0.0,0.0,0.0,0.0,0.0,0.0,0.0,0.0,0.0,2.048,1.924,121.33,,,,4.0,161.289,477.846,0.0,0.0,0.0,0.0,0.0,0.0,0.0,0.0,0.0,0.0,0.0,2.891,1.404,118.429,,,,4.0,142.841,477.847,0.0,0.0,0.0,0.0,0.0,0.0,0.0,0.0,0.0,0.0,0.0,1.701,1.432,197.118,,,,4.0,117.626,477.847,0.0,0.0,0.0,0.0,0.0,0.0,0.0,0.0,0.0,0.0,0.0,1.823,1.613,162.189,,,,4.0,105.198,477.847,0.0,0.0,0.0,0.0,0.0,0.0,0.0,0.0,0.0,0.0,0.0,2.551,1.439,130.014,,,,4.0,79.982,477.847,0.0,0.0,0.0,0.0,0.0,0.0,0.0,0.0,0.0,0.0,0.0,2.156,0.863,257.618
,,6.0,445.997,335.555,0.0,0.0,0.0,0.0,0.0,0.0,0.0,0.0,0.0,0.0,0.0,1.723,2.006,97.383,,,,6.0,409.338,335.555,0.0,0.0,0.0,0.0,0.0,0.0,0.0,0.0,0.0,0.0,0.0,1.298,1.707,152.19,,,,6.0,382.908,335.555,0.0,0.0,0.0,0.0,0.0,0.0,0.0,0.0,0.0,0.0,0.0,1.394,1.606,155.996,,,,6.0,256.459,477.792,0.0,0.0,0.0,0.0,0.0,0.0,0.0,0.0,0.0,0.0,0.0,2.275,1.769,119.021,,,,6.0,210.82,477.821,0.0,0.0,0.0,0.0,0.0,0.0,0.0,0.0,0.0,0.0,0.0,2.048,1.924,121.33,,,,6.0,161.289,477.842,0.0,0.0,0.0,0.0,0.0,0.0,0.0,0.0,0.0,0.0,0.0,2.891,1.404,118.429,,,,6.0,142.841,477.845,0.0,0.0,0.0,0.0,0.0,0.0,0.0,0.0,0.0,0.0,0.0,1.701,1.432,197.118,,,,6.0,117.626,477.846,0.0,0.0,0.0,0.0,0.0,0.0,0.0,0.0,0.0,0.0,0.0,1.823,1.613,162.188,,,,6.0,105.198,477.847,0.0,0.0,0.0,0.0,0.0,0.0,0.0,0.0,0.0,0.0,0.0,2.551,1.439,130.014,,,,6.0,79.982,477.847,0.0,0.0,0.0,0.0,0.0,0.0,0.0,0.0,0.0,0.0,0.0,2.156,0.863,257.618
,,8.0,445.997,335.555,0.0,0.0,0.0,0.0,0.0,0.0,0.0,0.0,0.0,0.0,0.0,1.723,2.006,97.383,,,,8.0,409.338,335.555,0.0,0.0,0.0,0.0,0.0,0.0,0.0,0.0,0.0,0.0,0.0,1.298,1.707,152.19,,,,8.0,382.908,335.555,0.0,0.0,0.0,0.0,0.0,0.0,0.0,0.0,0.0,0.0,0.0,1.394,1.606,155.996,,,,8.0,256.459,477.779,0.0,0.0,0.0,0.0,0.0,0.0,0.0,0.0,0.0,0.0,0.0,2.275,1.769,119.021,,,,8.0,210.82,477.796,0.0,0.0,0.0,0.0,0.0,0.0,0.0,0.0,0.0,0.0,0.0,2.048,1.924,121.329,,,,8.0,161.289,477.829,0.0,0.0,0.0,0.0,0.0,0.0,0.0,0.0,0.0,0.0,0.0,2.891,1.404,118.428,,,,8.0,142.841,477.838,0.0,0.0,0.0,0.0,0.0,0.0,0.0,0.0,0.0,0.0,0.0,1.701,1.432,197.118,,,,8.0,117.626,477.844,0.0,0.0,0.0,0.0,0.0,0.0,0.0,0.0,0.0,0.0,0.0,1.823,1.613,162.188,,,,8.0,105.198,477.845,0.0,0.0,0.0,0.0,0.0,0.0,0.0,0.0,0.0,0.0,0.0,2.551,1.439,130.014,,,,8.0,79.982,477.847,0.0,0.0,0.0,0.0,0.0,0.0,0.0,0.0,0.0,0.0,0.0,2.156,0.863,257.618
,,10.0,445.997,335.555,0.0,0.0,0.0,0.0,0.0,0.0,0.0,0.0,0.0,0.0,0.0,1.723,2.006,97.383,,,,10.0,409.338,335.555,0.0,0.0,0.0,0.0,0.0,0.0,0.0,0.0,0.0,0.0,0.0,1.298,1.707,152.19,,,,10.0,382.908,335.555,0.0,0.0,0.0,0.0,0.0,0.0,0.0,0.0,0.0,0.0,0.0,1.394,1.606,155.996,,,,10.0,256.459,477.755,0.0,0.0,0.0,0.0,0.0,0.0,0.0,0.0,0.0,0.0,0.0,2.275,1.769,119.02,,,,10.0,210.82,477.778,0.0,0.0,0.0,0.0,0.0,0.0,0.0,0.0,0.0,0.0,0.0,2.048,1.924,121.328,,,,10.0,161.289,477.807,0.0,0.0,0.0,0.0,0.0,0.0,0.0,0.0,0.0,0.0,0.0,2.891,1.404,118.428,,,,10.0,142.841,477.823,0.0,0.0,0.0,0.0,0.0,0.0,0.0,0.0,0.0,0.0,0.0,1.701,1.432,197.118,,,,10.0,117.625,477.836,0.0,0.0,0.0,0.0,0.0,0.0,0.0,0.0,0.0,0.0,0.0,1.823,1.613,162.187,,,,10.0,105.198,477.841,0.0,0.0,0.0,0.0,0.0,0.0,0.0,0.0,0.0,0.0,0.0,2.551,1.439,130.014,,,,10.0,79.982,477.846,0.0,0.0,0.0,0.0,0.0,0.0,0.0,0.0,0.0,0.0,0.0,2.156,0.863,257.618

